-- phpMyAdmin SQL Dump
-- version 4.5.1
-- http://www.phpmyadmin.net
--
-- Host: 127.0.0.1
-- Generation Time: Jan 13, 2018 at 01:53 PM
-- Server version: 10.1.19-MariaDB
-- PHP Version: 7.0.13

SET SQL_MODE = "NO_AUTO_VALUE_ON_ZERO";
SET time_zone = "+00:00";


/*!40101 SET @OLD_CHARACTER_SET_CLIENT=@@CHARACTER_SET_CLIENT */;
/*!40101 SET @OLD_CHARACTER_SET_RESULTS=@@CHARACTER_SET_RESULTS */;
/*!40101 SET @OLD_COLLATION_CONNECTION=@@COLLATION_CONNECTION */;
/*!40101 SET NAMES utf8mb4 */;

--
-- Database: `bus_stack`
--

-- --------------------------------------------------------

--
-- Table structure for table `buses`
--

CREATE TABLE `buses` (
  `id` int(11) NOT NULL,
  `bus_name` varchar(255) DEFAULT NULL,
  `bus_number` varchar(255) DEFAULT NULL,
  `bus_image` varchar(255) DEFAULT NULL,
  `bus_stop_start` int(11) DEFAULT NULL,
  `bus_stop_end` int(11) DEFAULT NULL,
  `route_id` varchar(255) DEFAULT NULL,
  `created_at` datetime NOT NULL,
  `updated_at` datetime NOT NULL
) ENGINE=InnoDB DEFAULT CHARSET=latin1;

--
-- Dumping data for table `buses`
--

INSERT INTO `buses` (`id`, `bus_name`, `bus_number`, `bus_image`, `bus_stop_start`, `bus_stop_end`, `route_id`, `created_at`, `updated_at`) VALUES
(1, 'M.S', NULL, NULL, NULL, NULL, '1', '0000-00-00 00:00:00', '0000-00-00 00:00:00'),
(2, 'J.S', NULL, NULL, NULL, NULL, '1', '0000-00-00 00:00:00', '0000-00-00 00:00:00'),
(3, 'K.S', NULL, NULL, NULL, NULL, '1', '0000-00-00 00:00:00', '0000-00-00 00:00:00'),
(4, 'B.S', NULL, NULL, NULL, NULL, '2', '0000-00-00 00:00:00', '0000-00-00 00:00:00'),
(5, 'R.S', NULL, NULL, NULL, NULL, '2', '0000-00-00 00:00:00', '0000-00-00 00:00:00'),
(6, 'S.S', NULL, NULL, NULL, NULL, '3', '0000-00-00 00:00:00', '0000-00-00 00:00:00');

-- --------------------------------------------------------

--
-- Table structure for table `bus_timings`
--

CREATE TABLE `bus_timings` (
  `id` int(11) NOT NULL,
  `bus_id` int(11) NOT NULL,
  `stop_order_id` int(11) DEFAULT NULL,
  `bus_time` time NOT NULL,
  `bus_direction` varchar(255) NOT NULL,
  `trip` varchar(255) NOT NULL,
  `created_at` datetime NOT NULL,
  `updated_at` datetime NOT NULL
) ENGINE=InnoDB DEFAULT CHARSET=latin1;

--
-- Dumping data for table `bus_timings`
--

INSERT INTO `bus_timings` (`id`, `bus_id`, `stop_order_id`, `bus_time`, `bus_direction`, `trip`, `created_at`, `updated_at`) VALUES
(1, 1, 1, '07:10:00', '1', '1', '2017-12-06 00:00:00', '0000-00-00 00:00:00'),
(2, 1, 2, '07:20:00', '1', '1', '0000-00-00 00:00:00', '0000-00-00 00:00:00'),
(3, 1, 3, '07:30:00', '1', '1', '0000-00-00 00:00:00', '0000-00-00 00:00:00'),
(4, 1, 4, '07:45:00', '1', '1', '0000-00-00 00:00:00', '0000-00-00 00:00:00'),
(5, 1, 5, '07:55:00', '1', '1', '0000-00-00 00:00:00', '0000-00-00 00:00:00'),
(6, 1, 6, '08:10:00', '1', '1', '0000-00-00 00:00:00', '0000-00-00 00:00:00'),
(7, 1, 7, '08:12:00', '1', '1', '0000-00-00 00:00:00', '0000-00-00 00:00:00'),
(8, 1, 8, '08:26:00', '1', '1', '0000-00-00 00:00:00', '0000-00-00 00:00:00'),
(9, 1, 9, '08:45:00', '1', '1', '0000-00-00 00:00:00', '0000-00-00 00:00:00'),
(10, 1, 10, '09:00:00', '1', '1', '0000-00-00 00:00:00', '0000-00-00 00:00:00'),
(11, 1, 11, '09:20:00', '1', '1', '0000-00-00 00:00:00', '0000-00-00 00:00:00'),
(12, 1, 12, '09:35:00', '1', '1', '0000-00-00 00:00:00', '0000-00-00 00:00:00'),
(13, 1, 13, '09:50:00', '1', '1', '0000-00-00 00:00:00', '0000-00-00 00:00:00'),
(14, 1, 14, '09:59:00', '1', '1', '0000-00-00 00:00:00', '0000-00-00 00:00:00'),
(15, 1, 15, '10:00:00', '1', '1', '0000-00-00 00:00:00', '0000-00-00 00:00:00'),
(16, 1, 16, '10:05:00', '1', '1', '0000-00-00 00:00:00', '0000-00-00 00:00:00'),
(17, 1, 17, '10:12:00', '1', '1', '0000-00-00 00:00:00', '0000-00-00 00:00:00'),
(18, 1, 18, '10:20:00', '1', '1', '0000-00-00 00:00:00', '0000-00-00 00:00:00'),
(19, 1, 19, '10:26:00', '1', '1', '0000-00-00 00:00:00', '0000-00-00 00:00:00'),
(20, 1, 20, '10:35:00', '1', '1', '0000-00-00 00:00:00', '0000-00-00 00:00:00'),
(21, 1, 21, '10:45:00', '1', '1', '0000-00-00 00:00:00', '0000-00-00 00:00:00'),
(22, 1, 22, '10:50:00', '1', '1', '0000-00-00 00:00:00', '0000-00-00 00:00:00'),
(23, 1, 22, '10:55:00', '2', '1', '0000-00-00 00:00:00', '0000-00-00 00:00:00'),
(24, 1, 21, '11:05:00', '2', '1', '0000-00-00 00:00:00', '0000-00-00 00:00:00'),
(25, 1, 20, '11:15:00', '2', '1', '0000-00-00 00:00:00', '0000-00-00 00:00:00'),
(26, 1, 19, '11:20:00', '2', '1', '0000-00-00 00:00:00', '0000-00-00 00:00:00'),
(27, 1, 18, '11:25:00', '2', '1', '0000-00-00 00:00:00', '0000-00-00 00:00:00'),
(28, 1, 17, '11:35:00', '2', '1', '0000-00-00 00:00:00', '0000-00-00 00:00:00'),
(29, 1, 16, '11:45:00', '2', '1', '0000-00-00 00:00:00', '0000-00-00 00:00:00'),
(30, 1, 15, '11:55:00', '2', '1', '0000-00-00 00:00:00', '0000-00-00 00:00:00'),
(31, 1, 14, '11:58:00', '2', '1', '0000-00-00 00:00:00', '0000-00-00 00:00:00'),
(32, 1, 13, '12:05:00', '2', '1', '0000-00-00 00:00:00', '0000-00-00 00:00:00'),
(33, 1, 12, '12:15:00', '2', '1', '0000-00-00 00:00:00', '0000-00-00 00:00:00'),
(34, 1, 11, '12:20:00', '2', '1', '0000-00-00 00:00:00', '0000-00-00 00:00:00'),
(35, 1, 10, '12:25:00', '2', '1', '0000-00-00 00:00:00', '0000-00-00 00:00:00'),
(36, 1, 9, '12:50:00', '2', '1', '0000-00-00 00:00:00', '0000-00-00 00:00:00'),
(37, 1, 8, '13:05:00', '2', '1', '0000-00-00 00:00:00', '0000-00-00 00:00:00'),
(38, 1, 7, '13:15:00', '2', '1', '0000-00-00 00:00:00', '0000-00-00 00:00:00'),
(39, 1, 6, '13:25:00', '2', '1', '0000-00-00 00:00:00', '0000-00-00 00:00:00'),
(40, 1, 5, '13:35:00', '2', '1', '0000-00-00 00:00:00', '0000-00-00 00:00:00'),
(41, 1, 4, '13:45:00', '2', '1', '0000-00-00 00:00:00', '0000-00-00 00:00:00'),
(42, 1, 3, '13:50:00', '2', '1', '0000-00-00 00:00:00', '0000-00-00 00:00:00'),
(46, 5, 2, '07:12:00', '1', '1', '2017-12-06 00:00:00', '2017-12-30 00:00:00'),
(47, 5, 23, '07:34:00', '1', '1', '2017-12-06 00:00:00', '2017-12-30 00:00:00'),
(48, 5, 24, '08:05:00', '1', '1', '2017-12-06 00:00:00', '2017-12-30 00:00:00'),
(49, 5, 25, '09:14:00', '1', '1', '2017-12-06 00:00:00', '2017-12-30 00:00:00'),
(50, 5, 26, '10:12:00', '1', '1', '2017-12-06 00:00:00', '2017-12-30 00:00:00'),
(51, 5, 27, '11:07:00', '1', '1', '2017-12-06 00:00:00', '2017-12-30 00:00:00'),
(54, 5, 28, '11:10:00', '1', '1', '2017-12-06 00:00:00', '2017-12-30 00:00:00'),
(55, 5, 29, '11:20:00', '1', '1', '2017-12-06 00:00:00', '2017-12-30 00:00:00'),
(56, 5, 30, '11:30:00', '1', '1', '2017-12-06 00:00:00', '2017-12-30 00:00:00'),
(57, 5, 31, '11:40:00', '1', '1', '2017-12-06 00:00:00', '2017-12-30 00:00:00'),
(58, 5, 32, '12:50:00', '1', '1', '2017-12-06 00:00:00', '2017-12-30 00:00:00'),
(59, 2, 1, '07:05:00', '1', '1', '2017-12-06 00:00:00', '0000-00-00 00:00:00'),
(60, 2, 2, '07:25:00', '1', '1', '0000-00-00 00:00:00', '0000-00-00 00:00:00'),
(61, 2, 3, '07:35:00', '1', '1', '0000-00-00 00:00:00', '0000-00-00 00:00:00'),
(62, 2, 4, '07:50:00', '1', '1', '0000-00-00 00:00:00', '0000-00-00 00:00:00'),
(63, 2, 5, '08:00:00', '1', '1', '0000-00-00 00:00:00', '0000-00-00 00:00:00'),
(64, 2, 6, '08:15:00', '1', '1', '0000-00-00 00:00:00', '0000-00-00 00:00:00'),
(65, 2, 7, '08:20:00', '1', '1', '0000-00-00 00:00:00', '0000-00-00 00:00:00'),
(66, 2, 8, '08:35:00', '1', '1', '0000-00-00 00:00:00', '0000-00-00 00:00:00'),
(67, 2, 9, '08:50:00', '1', '1', '0000-00-00 00:00:00', '0000-00-00 00:00:00'),
(68, 2, 10, '09:08:00', '1', '1', '0000-00-00 00:00:00', '0000-00-00 00:00:00'),
(69, 2, 11, '09:28:00', '1', '1', '0000-00-00 00:00:00', '0000-00-00 00:00:00'),
(70, 2, 12, '09:45:00', '1', '1', '0000-00-00 00:00:00', '0000-00-00 00:00:00'),
(71, 2, 13, '09:54:00', '1', '1', '0000-00-00 00:00:00', '0000-00-00 00:00:00'),
(72, 2, 14, '10:05:00', '1', '1', '0000-00-00 00:00:00', '0000-00-00 00:00:00'),
(73, 2, 15, '10:08:00', '1', '1', '0000-00-00 00:00:00', '0000-00-00 00:00:00'),
(74, 2, 16, '10:15:00', '1', '1', '0000-00-00 00:00:00', '0000-00-00 00:00:00'),
(75, 2, 17, '10:20:00', '1', '1', '0000-00-00 00:00:00', '0000-00-00 00:00:00'),
(76, 2, 18, '10:24:00', '1', '1', '0000-00-00 00:00:00', '0000-00-00 00:00:00'),
(77, 2, 19, '10:30:00', '1', '1', '0000-00-00 00:00:00', '0000-00-00 00:00:00'),
(78, 2, 20, '10:45:00', '1', '1', '0000-00-00 00:00:00', '0000-00-00 00:00:00'),
(79, 2, 21, '10:50:00', '1', '1', '0000-00-00 00:00:00', '0000-00-00 00:00:00'),
(80, 2, 22, '10:55:00', '1', '1', '0000-00-00 00:00:00', '0000-00-00 00:00:00'),
(81, 2, 22, '10:58:00', '2', '1', '0000-00-00 00:00:00', '0000-00-00 00:00:00'),
(82, 2, 21, '11:15:00', '2', '1', '0000-00-00 00:00:00', '0000-00-00 00:00:00'),
(83, 2, 20, '11:46:00', '2', '1', '0000-00-00 00:00:00', '0000-00-00 00:00:00');

-- --------------------------------------------------------

--
-- Table structure for table `routes`
--

CREATE TABLE `routes` (
  `id` int(11) NOT NULL,
  `route_name` varchar(255) DEFAULT NULL,
  `seo_url` varchar(255) NOT NULL,
  `created_at` datetime NOT NULL DEFAULT CURRENT_TIMESTAMP,
  `updated_at` datetime NOT NULL DEFAULT CURRENT_TIMESTAMP
) ENGINE=InnoDB DEFAULT CHARSET=latin1;

--
-- Dumping data for table `routes`
--

INSERT INTO `routes` (`id`, `route_name`, `seo_url`, `created_at`, `updated_at`) VALUES
(1, 'Sydney', 'sydney', '2017-12-26 08:46:16', '2017-12-26 08:46:16'),
(2, 'Melbone', 'Melbone', '2017-12-26 08:46:16', '2017-12-26 08:46:16'),
(3, 'aus', '', '2017-12-26 08:46:16', '2017-12-26 08:46:16');

-- --------------------------------------------------------

--
-- Table structure for table `stops`
--

CREATE TABLE `stops` (
  `id` int(11) NOT NULL,
  `stop_name` varchar(255) DEFAULT NULL,
  `created_at` datetime NOT NULL,
  `updated_at` datetime NOT NULL
) ENGINE=InnoDB DEFAULT CHARSET=latin1;

--
-- Dumping data for table `stops`
--

INSERT INTO `stops` (`id`, `stop_name`, `created_at`, `updated_at`) VALUES
(1, 'stop_1', '0000-00-00 00:00:00', '0000-00-00 00:00:00'),
(2, 'stop_2', '0000-00-00 00:00:00', '0000-00-00 00:00:00'),
(3, 'stop_3', '0000-00-00 00:00:00', '0000-00-00 00:00:00'),
(4, 'stop_4', '0000-00-00 00:00:00', '0000-00-00 00:00:00'),
(5, 'stop_5', '0000-00-00 00:00:00', '0000-00-00 00:00:00'),
(6, 'stop_6', '0000-00-00 00:00:00', '0000-00-00 00:00:00'),
(7, 'stop_7', '0000-00-00 00:00:00', '0000-00-00 00:00:00'),
(8, 'stop_8', '0000-00-00 00:00:00', '0000-00-00 00:00:00'),
(9, 'stop_9', '0000-00-00 00:00:00', '0000-00-00 00:00:00'),
(10, 'stop_10', '0000-00-00 00:00:00', '0000-00-00 00:00:00'),
(11, 'stop_12', '0000-00-00 00:00:00', '0000-00-00 00:00:00'),
(12, 'stop_14', '0000-00-00 00:00:00', '0000-00-00 00:00:00'),
(13, 'stop_11', '0000-00-00 00:00:00', '0000-00-00 00:00:00'),
(14, 'stop_13', '0000-00-00 00:00:00', '0000-00-00 00:00:00'),
(15, 'stop_15', '0000-00-00 00:00:00', '0000-00-00 00:00:00'),
(16, 'stop_16', '0000-00-00 00:00:00', '0000-00-00 00:00:00'),
(17, 'stop_17', '0000-00-00 00:00:00', '0000-00-00 00:00:00'),
(18, 'stop_18', '0000-00-00 00:00:00', '0000-00-00 00:00:00'),
(19, 'stop_19', '0000-00-00 00:00:00', '0000-00-00 00:00:00'),
(20, 'stop_20', '0000-00-00 00:00:00', '0000-00-00 00:00:00'),
(21, 'stop_21', '0000-00-00 00:00:00', '0000-00-00 00:00:00'),
(22, 'stop_22', '0000-00-00 00:00:00', '0000-00-00 00:00:00'),
(23, 'stop_23', '0000-00-00 00:00:00', '0000-00-00 00:00:00'),
(24, 'stop_24', '0000-00-00 00:00:00', '0000-00-00 00:00:00'),
(25, 'stop_25', '0000-00-00 00:00:00', '0000-00-00 00:00:00'),
(26, 'stop_26', '0000-00-00 00:00:00', '0000-00-00 00:00:00'),
(27, 'stop_27', '0000-00-00 00:00:00', '0000-00-00 00:00:00');

-- --------------------------------------------------------

--
-- Table structure for table `stop_orders`
--

CREATE TABLE `stop_orders` (
  `id` int(11) NOT NULL,
  `route_id` int(11) DEFAULT NULL,
  `stop_id` int(11) DEFAULT NULL,
  `stop_orders` int(11) DEFAULT NULL,
  `created_at` datetime NOT NULL,
  `updated_at` datetime NOT NULL
) ENGINE=InnoDB DEFAULT CHARSET=latin1;

--
-- Dumping data for table `stop_orders`
--

INSERT INTO `stop_orders` (`id`, `route_id`, `stop_id`, `stop_orders`, `created_at`, `updated_at`) VALUES
(1, 1, 1, 1, '0000-00-00 00:00:00', '0000-00-00 00:00:00'),
(2, 1, 27, 2, '0000-00-00 00:00:00', '0000-00-00 00:00:00'),
(3, 1, 2, 3, '0000-00-00 00:00:00', '0000-00-00 00:00:00'),
(4, 1, 20, 4, '0000-00-00 00:00:00', '0000-00-00 00:00:00'),
(5, 1, 3, 5, '0000-00-00 00:00:00', '0000-00-00 00:00:00'),
(6, 1, 6, 6, '0000-00-00 00:00:00', '0000-00-00 00:00:00'),
(7, 1, 19, 7, '0000-00-00 00:00:00', '0000-00-00 00:00:00'),
(8, 1, 4, 8, '0000-00-00 00:00:00', '0000-00-00 00:00:00'),
(9, 1, 5, 9, '0000-00-00 00:00:00', '0000-00-00 00:00:00'),
(10, 1, 21, 10, '0000-00-00 00:00:00', '0000-00-00 00:00:00'),
(11, 1, 7, 11, '0000-00-00 00:00:00', '0000-00-00 00:00:00'),
(12, 1, 22, 12, '0000-00-00 00:00:00', '0000-00-00 00:00:00'),
(13, 1, 23, 13, '0000-00-00 00:00:00', '0000-00-00 00:00:00'),
(14, 1, 8, 14, '0000-00-00 00:00:00', '0000-00-00 00:00:00'),
(15, 1, 24, 15, '0000-00-00 00:00:00', '0000-00-00 00:00:00'),
(16, 1, 25, 16, '0000-00-00 00:00:00', '0000-00-00 00:00:00'),
(17, 1, 14, 17, '0000-00-00 00:00:00', '0000-00-00 00:00:00'),
(18, 1, 15, 18, '0000-00-00 00:00:00', '0000-00-00 00:00:00'),
(19, 1, 16, 19, '0000-00-00 00:00:00', '0000-00-00 00:00:00'),
(20, 1, 17, 20, '0000-00-00 00:00:00', '0000-00-00 00:00:00'),
(21, 1, 26, 21, '0000-00-00 00:00:00', '0000-00-00 00:00:00'),
(22, 1, 18, 22, '0000-00-00 00:00:00', '0000-00-00 00:00:00'),
(23, 2, 9, 1, '0000-00-00 00:00:00', '0000-00-00 00:00:00'),
(24, 2, 10, 2, '0000-00-00 00:00:00', '0000-00-00 00:00:00'),
(25, 2, 11, 3, '0000-00-00 00:00:00', '0000-00-00 00:00:00'),
(26, 2, 12, 4, '0000-00-00 00:00:00', '0000-00-00 00:00:00'),
(27, 2, 8, 5, '0000-00-00 00:00:00', '0000-00-00 00:00:00'),
(28, 2, 14, 6, '0000-00-00 00:00:00', '0000-00-00 00:00:00'),
(29, 2, 15, 7, '0000-00-00 00:00:00', '0000-00-00 00:00:00'),
(30, 2, 16, 8, '0000-00-00 00:00:00', '0000-00-00 00:00:00'),
(31, 2, 17, 9, '0000-00-00 00:00:00', '0000-00-00 00:00:00'),
(32, 2, 18, 10, '0000-00-00 00:00:00', '0000-00-00 00:00:00');

--
-- Indexes for dumped tables
--

--
-- Indexes for table `buses`
--
ALTER TABLE `buses`
  ADD PRIMARY KEY (`id`);

--
-- Indexes for table `bus_timings`
--
ALTER TABLE `bus_timings`
  ADD PRIMARY KEY (`id`);

--
-- Indexes for table `routes`
--
ALTER TABLE `routes`
  ADD PRIMARY KEY (`id`);

--
-- Indexes for table `stops`
--
ALTER TABLE `stops`
  ADD PRIMARY KEY (`id`);

--
-- Indexes for table `stop_orders`
--
ALTER TABLE `stop_orders`
  ADD PRIMARY KEY (`id`);

--
-- AUTO_INCREMENT for dumped tables
--

--
-- AUTO_INCREMENT for table `buses`
--
ALTER TABLE `buses`
  MODIFY `id` int(11) NOT NULL AUTO_INCREMENT, AUTO_INCREMENT=7;
--
-- AUTO_INCREMENT for table `bus_timings`
--
ALTER TABLE `bus_timings`
  MODIFY `id` int(11) NOT NULL AUTO_INCREMENT, AUTO_INCREMENT=84;
--
-- AUTO_INCREMENT for table `routes`
--
ALTER TABLE `routes`
  MODIFY `id` int(11) NOT NULL AUTO_INCREMENT, AUTO_INCREMENT=4;
--
-- AUTO_INCREMENT for table `stops`
--
ALTER TABLE `stops`
  MODIFY `id` int(11) NOT NULL AUTO_INCREMENT, AUTO_INCREMENT=28;
--
-- AUTO_INCREMENT for table `stop_orders`
--
ALTER TABLE `stop_orders`
  MODIFY `id` int(11) NOT NULL AUTO_INCREMENT, AUTO_INCREMENT=33;
/*!40101 SET CHARACTER_SET_CLIENT=@OLD_CHARACTER_SET_CLIENT */;
/*!40101 SET CHARACTER_SET_RESULTS=@OLD_CHARACTER_SET_RESULTS */;
/*!40101 SET COLLATION_CONNECTION=@OLD_COLLATION_CONNECTION */;
